,id,conversation_id,created_at,date,timezone,place,tweet,language,hashtags,cashtags,user_id,user_id_str,username,name,day,hour,link,urls,photos,video,thumbnail,retweet,nlikes,nreplies,nretweets,quote_url,search,near,geo,source,user_rt_id,user_rt,retweet_id,reply_to,retweet_date,translate,trans_src,trans_dest
0,1589928392811778049,1589922892506357762,1.6679E+12,2022-11-08 10:30:42,+0000,,@KhaosodOnline ดูดกัญชาโพสต์สื่อเป็นว่าเล่น แถมอุปกรณ์หลอดแก้วสารพัด สรุปกัญชาการแพทย์หรือกัญชาในการเสพ หยุดได้แล้วความคิดแบบนี้,th,[],[],1.53412E+18,1534122211749277697,Sarawut03294264,Sarawut S,2,10,https://twitter.com/Sarawut03294264/status/1589928392811778049,[],[],0,,FALSE,3,0,0,,"""กัญชาการแพทย์""",,,,,,,"[{'screen_name': 'KhaosodOnline', 'name': 'ข่าวสด', 'id': '266946216'}]",,,,
1,1589922275578765312,1589922275578765312,1.6679E+12,2022-11-08 10:06:24,+0000,,ศูนย์รวมคีย์เวิร์ด คำตอบ ปัญหาจุดบอดกฏหมายเยาวชน กัญชาการแพทย์ ภัยความมั่น สังคมครอบครัว ครบบบ  #เด็ก18ฆ่าเด็ก13 #โหนกระแส    https://t.co/km47ieuav5,th,"['เด็ก18ฆ่าเด็ก13', 'โหนกระแส']",[],56960448,56960448,thatglgirl,GL ☻,2,10,https://twitter.com/thatglgirl/status/1589922275578765312,[],[],1,https://pbs.twimg.com/ext_tw_video_thumb/1589853679280345089/pu/img/C7SM4VpWEOUi9ig8.jpg,FALSE,1,0,4,,"""กัญชาการแพทย์""",,,,,,,[],,,,
2,1589769362269167616,1589462395055112192,1.66787E+12,2022-11-07 23:58:47,+0000,,@Top_Watt คุณไม่รู้จักและเข้าใจไง ว่าคนใช้กัญชาไม่ได้แปลว่าจะป่วยเป็นจิตเวชกันไปหมด ผมถึงถามว่าในประชาธิปัตย์ มีใครเคยมีประสบการณ์บ้าง? หรือ นั่งเทียนเขียนเอาครับ? เพราะยังไม่รู้จักด้วยซ้ำว่ากัญชาการแพทย์ใช้วิธีดูดดอกช่อได้. กระแสนิยมโลกกำลังหนุน นโยบายมันถึงมาได้จนทุกวันนี้ยังไงละครับ 🤷🏻‍♂️,th,[],[],1.42317E+18,1423169252018688000,IStoneAlone420,Noel กัญชาแมว,1,23,https://twitter.com/IStoneAlone420/status/1589769362269167616,[],[],0,,FALSE,0,1,0,,"""กัญชาการแพทย์""",,,,,,,"[{'screen_name': 'Top_Watt', 'name': 'Top_Watt DP', 'id': '101230963'}]",,,,
3,1589556301587415041,1588192716692672512,1.66781E+12,2022-11-07 09:52:09,+0000,,@JezusHashSoOP @PaknamM @manopsi หาเสียงมาด้วยทั้งการแพทย์ และ สันทนาการมา ตอนทำจริงไม่ได้สนับสนุนสันทนาการไงเข้าใจการเมืองไหม? เพราะพวกหน้าโง่และสังคมห่วยแตกยังไม่รู้จักว่ากัญชาการแพทย์ ก็รวมการดูดด้วย. กม.ตอนนี้ก็ห้ามใช้ดูดในที่สาธารณะ. ปัจจุบันที่มีนี่รู้บ้างป่าวว่า ดอกช่อที่ใช้ดูดไม่ได้เป็นส่วนแบ่งใหญ่สุด??  https://t.co/VxfRSe2XVH,th,[],[],1.42317E+18,1423169252018688000,IStoneAlone420,Noel กัญชาแมว,1,09,https://twitter.com/IStoneAlone420/status/1589556301587415041,[],"['https://pbs.twimg.com/media/Fg89B2eaMAIPhPC.jpg', 'https://pbs.twimg.com/media/Fg89B2XaMAAwRiF.jpg']",1,https://pbs.twimg.com/media/Fg89B2eaMAIPhPC.jpg,FALSE,1,0,0,,"""กัญชาการแพทย์""",,,,,,,"[{'screen_name': 'JezusHashSoOP', 'name': 'j', 'id': '290951559'}, {'screen_name': 'PaknamM', 'name': 'Paknam Man', 'id': '1238052974686900224'}, {'screen_name': 'manopsi', 'name': 'manopsi', 'id': '43527221'}]",,,,
4,1588969160956350464,1588969160956350464,1.66767E+12,2022-11-05 18:59:04,+0000,,1759เบื้องหลัง🇩🇪ซบ🇨🇳เพราะ🇺🇸เห็นแก่ตัวปัดภาระผู้ลี้ภัย🇺🇦+ฮุบกิจการสำคัญ🇶🇦FIFAเตือน32ประเทศอย่าเอาการเมืองมาเกี่ยวข้อง⚽เปิดแผนกัญชาการแพทย์ปี66🏥BM.2อาจเกิดจาก💊โมลนูพิราเวียร์ 🇹🇭ปชป เอาเวลาทำงานด้านพาณิชย์-การเกษตรส่งออก @JohnHorneUK  @mentaldegagnant      https://t.co/G8JJEmG1DJ,th,[],[],1.4909E+18,1490900045029572608,da_buny,ความฝันอันสูงสุดปิดทองหลังพระ235,6,18,https://twitter.com/da_buny/status/1588969160956350464,['https://youtu.be/uXLjd0ocQgE'],[],0,,FALSE,0,0,0,,"""กัญชาการแพทย์""",,,,,,,[],,,,
5,1588773674026688512,1588458356418949121,1.66763E+12,2022-11-05 06:02:16,+0000,,@MatichonOnline ไม่ใช่ว่าง่ายไม่ง่าย ขนาดรัสเซียจะเอาที่ดินยูเครนยังต้องทีสงคราม ไทยจะมาสร้างกฎหมายแบบนี้ทำไม ??? ไม่ใช่เอามาอ้าง แบบกัญชาการแพทย์ แล้วเอามาทำขนม อาหารทานเล่นให้เยาวชน มันการแพทย์ไหน,th,[],[],1.22104E+18,1221035824826871809,cocala7,cocala,6,06,https://twitter.com/cocala7/status/1588773674026688512,[],[],0,,FALSE,0,0,0,,"""กัญชาการแพทย์""",,,,,,,"[{'screen_name': 'MatichonOnline', 'name': 'Matichon Online', 'id': '65314514'}]",,,,
6,1588397035618979845,1588397035618979845,1.66754E+12,2022-11-04 05:05:38,+0000,,นี่ไม่ติดกับการขายกัญชา ประเทศอื่นมีเยอะมากที่เค้าเจริญแล้วและมีการจำกัดการซื้อ!!! กัญชาเพื่อการรักษา กัญชาการแพทย์มีอยู่จริง แล้วตอนนี้ประเทศไทยคุมได้เหรอ เห็นมีแต่คนเมาทำร้ายคนอื่นทุกวัน แล้วแก้ไขเรื่องนี้ยังไงต่อ อ่านข่าวจนกุจะประสาทเสียแล้ววววว,th,[],[],100621016,100621016,untitled_5,𓁹‿𓁹,5,05,https://twitter.com/untitled_5/status/1588397035618979845,[],[],0,,FALSE,0,0,0,,"""กัญชาการแพทย์""",,,,,,,[],,,,
7,1588377573616132096,1588377573616132096,1.66753E+12,2022-11-04 03:48:18,+0000,,"""จุรินทร์"" ยัน ปชป.พร้อมหนุนกัญชาการแพทย์ แต่ค้านกัญชาเสรี  https://t.co/mzI7kmF4mT",th,[],[],1.44598E+18,1445979528526905344,siamflashnews,Breakingnews,5,03,https://twitter.com/siamflashnews/status/1588377573616132096,['http://www.siamlandbank.com/breakingnews/%e0%b8%babreakingnews/%e0%b8%88%e0%b8%b8%e0%b8%a3%e0%b8%b4%e0%b8%99%e0%b8%97%e0%b8%a3%e0%b9%8c-%e0%b8%a2%e0%b8%b1%e0%b8%99-%e0%b8%9b%e0%b8%8a%e0%b8%9b-%e0%b8%9e%e0%b8%a3%e0%b9%89%e0%b8%ad%e0%b8%a1%e0%b8%ab/'],[],0,,FALSE,0,0,0,,"""กัญชาการแพทย์""",,,,,,,[],,,,
8,1588187679988277248,1588187679988277248,1.66749E+12,2022-11-03 15:13:44,+0000,,"สธ.สั่งสอบ ""หมอชนบท"" โพสต์ไร้งบวิจัยกัญชาการแพทย์ ยันปี 66 มี 80 ล้านบาท  เกิดงานวิจัยกว่า 60 เรื่อง  https://t.co/wcUlTDtKbu",th,[],[],1.3867E+18,1386703102066118658,spiderm15056803,Batman,4,15,https://twitter.com/spiderm15056803/status/1588187679988277248,['https://fb.watch/gzvJbYJlQ8/'],[],0,,FALSE,1,0,0,,"""กัญชาการแพทย์""",,,,,,,[],,,,
9,1588175415210041347,1588175415210041347,1.66749E+12,2022-11-03 14:25:00,+0000,,กัญชาการแพทย์ไม่เคยมีจริง เห็นมีแต่การค้า ชีวิตคนไทยไม่ได้มีความหมายรมตเอาแต่เลียนายทุน โปรโมทกัญชาเพื่อการค้าเป็นว่าเล่น ไม่ใช่คุณสมบัติของคนเป็นรมต สาธารณสุขเลย สัส,th,[],[],230726700,230726700,saviMelwood,savi_อินจุนนี่💕,4,14,https://twitter.com/saviMelwood/status/1588175415210041347,[],[],0,,FALSE,5,0,55,https://twitter.com/Thamboon888/status/1588171268477501440,"""กัญชาการแพทย์""",,,,,,,[],,,,
10,1587731358272700416,1587731358272700416,1.66738E+12,2022-11-02 09:00:29,+0000,,สธ.สั่งสอบ “หมอชนบท” โพสต์ไร้งบวิจัยกัญชาการแพทย์ ยันปี 66 มี 80 ล้านบาท  https://t.co/54OFqYn8Ur,th,[],[],1.57728E+18,1577281024798515201,AgoH1987,AgoH1987,3,09,https://twitter.com/AgoH1987/status/1587731358272700416,['https://thailand.info-teknologi.web.id/2022/11/02/%e0%b8%aa%e0%b8%98-%e0%b8%aa%e0%b8%b1%e0%b9%88%e0%b8%87%e0%b8%aa%e0%b8%ad%e0%b8%9a-%e0%b8%ab%e0%b8%a1%e0%b8%ad%e0%b8%8a%e0%b8%99%e0%b8%9a%e0%b8%97-%e0%b9%82%e0%b8%9e%e0%b8%aa%e0%b8%95%e0%b9%8c/'],[],0,,FALSE,0,0,0,,"""กัญชาการแพทย์""",,,,,,,[],,,,
11,1587731346788679682,1587731346788679682,1.66738E+12,2022-11-02 09:00:26,+0000,,สธ.สั่งสอบ “หมอชนบท” โพสต์ไร้งบวิจัยกัญชาการแพทย์ ยันปี 66 มี 80 ล้านบาท  https://t.co/1YQXVQysZM,th,[],[],1.57401E+18,1574010807846809602,AsterAgam,agam aster,3,09,https://twitter.com/AsterAgam/status/1587731346788679682,['https://thailand.info-teknologi.web.id/2022/11/02/%e0%b8%aa%e0%b8%98-%e0%b8%aa%e0%b8%b1%e0%b9%88%e0%b8%87%e0%b8%aa%e0%b8%ad%e0%b8%9a-%e0%b8%ab%e0%b8%a1%e0%b8%ad%e0%b8%8a%e0%b8%99%e0%b8%9a%e0%b8%97-%e0%b9%82%e0%b8%9e%e0%b8%aa%e0%b8%95%e0%b9%8c/'],[],0,,FALSE,0,0,0,,"""กัญชาการแพทย์""",,,,,,,[],,,,
12,1587731333119352832,1587731333119352832,1.66738E+12,2022-11-02 09:00:23,+0000,,สธ.สั่งสอบ “หมอชนบท” โพสต์ไร้งบวิจัยกัญชาการแพทย์ ยันปี 66 มี 80 ล้านบาท  https://t.co/cegdFboxtz,th,[],[],1.53167E+18,1531673022536753152,Anindita19941,Anindita1994,3,09,https://twitter.com/Anindita19941/status/1587731333119352832,['https://thailand.info-teknologi.web.id/2022/11/02/%e0%b8%aa%e0%b8%98-%e0%b8%aa%e0%b8%b1%e0%b9%88%e0%b8%87%e0%b8%aa%e0%b8%ad%e0%b8%9a-%e0%b8%ab%e0%b8%a1%e0%b8%ad%e0%b8%8a%e0%b8%99%e0%b8%9a%e0%b8%97-%e0%b9%82%e0%b8%9e%e0%b8%aa%e0%b8%95%e0%b9%8c/'],[],0,,FALSE,0,0,0,,"""กัญชาการแพทย์""",,,,,,,[],,,,
13,1587715943253540865,1587715943253540865,1.66738E+12,2022-11-02 07:59:13,+0000,,วันนี้ส่งเยอะหน่อยครับ 4 kg #กัญชาเชียงใหม่ #กัญชาลำพูน #กัญชาการแพทย์  https://t.co/u8lTeq03kJ  https://t.co/eZmnKPJu2M,th,"['กัญชาเชียงใหม่', 'กัญชาลำพูน', 'กัญชาการแพทย์']",[],1.52038E+18,1520375458386550789,MasterT_Grower,เกษตร420,3,07,https://twitter.com/MasterT_Grower/status/1587715943253540865,['https://lin.ee/sxXCGnV'],['https://pbs.twimg.com/media/FgizOybakAARQX6.jpg'],1,https://pbs.twimg.com/media/FgizOybakAARQX6.jpg,FALSE,0,0,0,,"""กัญชาการแพทย์""",,,,,,,[],,,,
14,1587690081036668928,1587690081036668928,1.66737E+12,2022-11-02 06:16:27,+0000,,ปชป.ย้ำจุดยืน หนุน กัญชาการแพทย์ โวย อย่าอ้างพรรคร่วมรัฐบาลมัดมือปิดปาก ย้ำ พบพ.ร.บ.หลายมาตรา เปิดทางสู่กัญชาเสรี #กัญชา #กัญชง #กัญชาเสรี #ข่าวการเมือง #ประชาธิปัตย์ #ไทยรัฐออนไลน์,th,"['กัญชา', 'กัญชง', 'กัญชาเสรี', 'ข่าวการเมือง', 'ประชาธิปัตย์', 'ไทยรัฐออนไลน์']",[],583857653,583857653,shutup2557,📌Shutup2557,3,06,https://twitter.com/shutup2557/status/1587690081036668928,[],[],0,,FALSE,4,0,0,,"""กัญชาการแพทย์""",,,,,,,[],,,,
15,1587683024933642240,1587683024933642240,1.66737E+12,2022-11-02 05:48:25,+0000,,ปลัดสธ. มอบ นพ.สสจ. ตรวจสอบกรณีหมอชนบทโพสต์ปมไร้งบกัญชาการแพทย์ ย้ำ! ข้อเท็จจริงปี 66 งบกว่า 80 ล้านบาท  https://t.co/ayrZi9WWSY #HealthNews,th,['healthnews'],[],863254242,863254242,HealthUpdateTh,Health News Update,3,05,https://twitter.com/HealthUpdateTh/status/1587683024933642240,['https://ift.tt/qro6SlC'],[],0,,FALSE,1,0,0,,"""กัญชาการแพทย์""",,,,,,,[],,,,
16,1587656341971210240,1587656338062323712,1.66736E+12,2022-11-02 04:02:23,+0000,,"""อนุทิน"" แซะบางพรรคจงใจบิดเบือนเป็น ""กัญชาเสรี"" ย้ำ ""ภท."" หนุนเฉพาะกัญชาการแพทย์ #อนุทิน #พรรคภูมิใจไทย #พรบกัญชา  https://t.co/IAVbklszaU",th,"['อนุทิน', 'พรรคภูมิใจไทย', 'พรบกัญชา']",[],1.35883E+18,1358828134607454212,kanmuang_th,การเมือง Kanmuang,3,04,https://twitter.com/kanmuang_th/status/1587656341971210240,['https://www.kanmuang.com/news/politics/9797/'],[],0,,FALSE,0,0,0,,"""กัญชาการแพทย์""",,,,,,,[],,,,
17,1587436857293430785,1587436857293430785,1.66731E+12,2022-11-01 13:30:14,+0000,,แพทย์ชนบทตั้งคำถาม กรณีการจัดสรรงบประมาณ ปี 66 ว่า  “งบวิจัยสำหรับกัญชาทางการแพทย์ของสธ.= 0 บาท”  “ซึ่งอาจถือเป็นประจักษ์พยานได้ว่า กัญชาการแพทย์เป็นเพียงวาทกรรม”  ที่จริงการปลดล็อกกัญชาก็สำหรับสันทนาการและความร่ำรวยบางคนวิชาชีพสุขภาพ ขอรัฐบาลชี้แจงด้วย   https://t.co/J2WVK0RqjS  https://t.co/CzBwupJpsp,th,[],[],65871931,65871931,Offchainon,OFF CHAINON,2,13,https://twitter.com/Offchainon/status/1587436857293430785,['https://news.ch7.com/detail/603448'],['https://pbs.twimg.com/media/Fge1aLrXoAAGsGA.jpg'],1,https://pbs.twimg.com/media/Fge1aLrXoAAGsGA.jpg,FALSE,2112,13,13525,,"""กัญชาการแพทย์""",,,,,,,[],,,,
18,1587425333854490626,1587425333854490626,1.66731E+12,2022-11-01 12:44:27,+0000,,‘อนุทิน’ ย้ำกัญชาเสรีไม่มี มีแต่กัญชาการแพทย์ แขวะปชป.ปล่อยไก่ พูดไม่ทำการบ้าน  https://t.co/02vEuoH7mF via @MatichonOnline,th,[],[],65314514,65314514,MatichonOnline,Matichon Online,2,12,https://twitter.com/MatichonOnline/status/1587425333854490626,['https://www.matichon.co.th/politics/news_3650604'],[],0,,FALSE,23,12,13,,"""กัญชาการแพทย์""",,,,,,,[],,,,
19,1587356546874605569,1587153879896129539,1.66729E+12,2022-11-01 08:11:07,+0000,,"@natlamborghini1 ก็เพราะเปิดเสรีกัญชา, ผลลัพธ์ก็เสรีแบบนี้, คน/พรรค ที่เสนอ ควรต้องรับผิด, เพราะแม้กระทั่ง แพทย์ผู้เชี่ยวชาญต่างๆ เค้าก็คัดค้าน ทุกด้าน, กัญชาการแพทย์ ดีก็สนับสนุน แต่ แบบนี้ ไม่แก้ไข รัฐฯนี้ ก็ไม่ควรอยู่, ข่าวมีให้เห็นทุกวันว่าผลเสียแค่ไหน เทียบกับเป็นพืชเศรษฐกิจ ได้ไม่คุ้มเสีย",th,[],[],95222487,95222487,BCL_bon,Bon #04_964,2,08,https://twitter.com/BCL_bon/status/1587356546874605569,[],[],0,,FALSE,0,0,0,,"""กัญชาการแพทย์""",,,,,,,"[{'screen_name': 'natlamborghini1', 'name': 'Austin Rose lll', 'id': '3244788507'}]",,,,
20,1586574421825048578,1586568580602077184,1.6671E+12,2022-10-30 04:23:13,+0000,,@Thansettakij ควรเสรีทั้งกัญชาการแพทย์ and สันธนาการ และ ก้าวหน้าในโอกาสกับสุรา นั้นแหละ หยุดปิดทางเลือกคนไทยบนเกมส์การเมือง.,th,[],[],1.42317E+18,1423169252018688000,IStoneAlone420,Noel กัญชาแมว,7,04,https://twitter.com/IStoneAlone420/status/1586574421825048578,[],[],0,,FALSE,1,1,0,,"""กัญชาการแพทย์""",,,,,,,"[{'screen_name': 'Thansettakij', 'name': 'ฐานเศรษฐกิจ', 'id': '64994079'}]",,,,
21,1586225743712768000,1586225743712768000,1.66702E+12,2022-10-29 05:17:42,+0000,,‘สุขุม’ เชื่อใกล้เลือกตั้ง ทุกพรรคขัดขากันอุตลุด ต่อยใต้เข็มขัด ทำนายอนาคต พ.ร.บ.สุราก้าวหน้า กัญชาการแพทย์  https://t.co/B0twSDyw0w ผ่าน @มติชนสุดสัปดาห์,th,[],[],2963637435,2963637435,matichonweekly,MatichonWeekly มติชนสุดสัปดาห์,6,05,https://twitter.com/matichonweekly/status/1586225743712768000,['https://www.matichonweekly.com/hot-news/article_622044'],[],0,,FALSE,8,0,2,,"""กัญชาการแพทย์""",,,,,,,[],,,,
22,1585959631767056384,1585959631767056384,1.66696E+12,2022-10-28 11:40:16,+0000,,“สุขุม” ทำนายอนาคต พ.ร.บ.สุราก้าวหน้า กัญชาการแพทย์ เชื่อใกล้เลือกตั้ง ทุกพรรคขัดขากันอุตลุต  https://t.co/Jm4tRwhFqh via @MatichonOnline,th,[],[],65314514,65314514,MatichonOnline,Matichon Online,5,11,https://twitter.com/MatichonOnline/status/1585959631767056384,['https://www.matichon.co.th/politics/news_3644017'],[],0,,FALSE,10,0,2,,"""กัญชาการแพทย์""",,,,,,,[],,,,
23,1585945281668927488,1585945281668927488,1.66695E+12,2022-10-28 10:43:15,+0000,,เพราะเป็นผลงาน เลยผ่านยาก! “สุขุม” ทำนายอนาคต พ.ร.บ. สุราก้าวหน้า กัญชาการแพทย์ เชื่อใกล้เลือกตั้ง ทุกพรรคขัดขากันอุตลุต  https://t.co/l0j2g7D3j7,th,[],[],1.13359E+18,1133593810565419008,jnc_journalist,The Journalist Club,5,10,https://twitter.com/jnc_journalist/status/1585945281668927488,['https://thejournalistclub.com/%e0%b9%80%e0%b8%9e%e0%b8%a3%e0%b8%b2%e0%b8%b0%e0%b9%80%e0%b8%9b%e0%b9%87%e0%b8%99%e0%b8%9c%e0%b8%a5%e0%b8%87%e0%b8%b2%e0%b8%99-%e0%b9%80%e0%b8%a5%e0%b8%a2%e0%b8%9c%e0%b9%88%e0%b8%b2%e0%b8%99%e0%b8%a2/'],[],0,,FALSE,0,0,0,,"""กัญชาการแพทย์""",,,,,,,[],,,,
24,1585886107396239360,1585886107396239360,1.66694E+12,2022-10-28 06:48:06,+0000,,การเมือง - ‘สุขุม’ฟันธง!อนาคตพ.ร.บ.สุราก้าวหน้า กัญชาการแพทย์ส่อร่วงใกล้เลือกตั้ง  https://t.co/9kuUnC7iDT ผ่าน @naewna_news  https://t.co/Vcsbftoj7i,th,[],[],9.25207E+17,925206827930763264,naewna_news,Naewna_News,5,06,https://twitter.com/naewna_news/status/1585886107396239360,['https://www.naewna.com/politic/688754'],['https://pbs.twimg.com/media/FgIzACwUUAAjYY8.jpg'],1,https://pbs.twimg.com/media/FgIzACwUUAAjYY8.jpg,FALSE,0,0,0,,"""กัญชาการแพทย์""",,,,,,,[],,,,
25,1584801642318548992,1584801642318548992,1.66668E+12,2022-10-25 06:58:50,+0000,,เดือด…”จุรินทร์”ลั่นประชาธิปัตย์ ไม่เอากัญชาเสรี แต่กัญชาการแพทย์จำเป็น  https://t.co/N9U1voPFSN,th,[],[],107686527,107686527,man_Tcnn,แมน นายหัวไทร,2,06,https://twitter.com/man_Tcnn/status/1584801642318548992,['https://m.facebook.com/story.php?story_fbid=554917259968966&id=100063520900345'],[],0,,FALSE,0,0,0,,"""กัญชาการแพทย์""",,,,,,,[],,,,
26,1584421281704734725,1584421281704734725,1.66659E+12,2022-10-24 05:47:25,+0000,,อิอนุทินตอนแรกบอกกัญชาการแพทย์อุบาด ตอนนี้มีแต่เหี้ยไรไม่รู้ สันดาน,th,[],[],1.01767E+18,1017666509634588672,ccatharinee,แคททา-บื้อออ ˙𐃷˙,1,05,https://twitter.com/ccatharinee/status/1584421281704734725,[],[],0,,FALSE,0,0,0,,"""กัญชาการแพทย์""",,,,,,,[],,,,
27,1580438184672067584,1580438184672067584,1.66564E+12,2022-10-13 06:00:01,+0000,,ไอเท็มเด็ดสำหรับผู้ที่มีปัญหา #นอนหลับยาก #นอนหลับๆตื่นๆ #นอนไม่หลับ มีความรู้สึก #เครียด #วิตกกังวล #ซึมเศร้า 🛒 สั่งซื้อสินค้าที่&gt;  https://t.co/MMjumDj4a8 #สมุนไพรไทย #สายเขียว #น้ำมันหอมสมุนไพร #กัญชาการแพทย์ #สายเขียวเครดิตฟรี  #กรีนเบลล์สหคลินิก #GreenBell #GreenBellClinic  https://t.co/hc2XbTG4Cf,th,"['นอนหลับยาก', 'นอนหลับๆตื่นๆ', 'นอนไม่หลับ', 'เครียด', 'วิตกกังวล', 'ซึมเศร้า', 'สมุนไพรไทย', 'สายเขียว', 'น้ำมันหอมสมุนไพร', 'กัญชาการแพทย์', 'สายเขียวเครดิตฟรี', 'กรีนเบลล์สหคลินิก', 'greenbell', 'greenbellclinic']",[],1.57822E+18,1578216195261878272,GreenbellXdrCBD,Green Bell x Dr.CBD,4,06,https://twitter.com/GreenbellXdrCBD/status/1580438184672067584,['https://shop.line.me/@759briez'],"['https://pbs.twimg.com/media/Fe2jrsTVQAAfGHR.jpg', 'https://pbs.twimg.com/media/Fe2jtXXVIAId9sc.jpg', 'https://pbs.twimg.com/media/Fe2kJesVQAAyDpa.jpg']",1,https://pbs.twimg.com/media/Fe2jrsTVQAAfGHR.jpg,FALSE,1,0,0,,"""กัญชาการแพทย์""",,,,,,,[],,,,
28,1578807207092580352,1578807207092580352,1.66525E+12,2022-10-08 17:59:05,+0000,,1619🇺🇸กุมขมับ3ชาติเอเซียซื้อก๊าซ🇷🇺+🇹🇭ขึ้นแท่น🇨🇳-🇷🇺แห่ลงทุน🇺🇸คิดค่าก๊าซโหด🇩🇪เศรษฐกิจถดถอย🇬🇧เร็วกว่าขาด🇹🇭กรมวิชาการเกษตรลุยกัญชาการแพทย์-พาณิชย์+ลดคาร์บอน🇹🇭นักร้อง-ดาราเลวไม่เคยช่วย🇹🇭ควรไส🧠👣ออกจากความเป็นคนไทยย้ายประเทศไป  @JohnHorneUK  @mentaldegagnant   https://t.co/WVIHTQzwnN,th,[],[],1.4909E+18,1490900045029572608,da_buny,ความฝันอันสูงสุดปิดทองหลังพระ235,6,17,https://twitter.com/da_buny/status/1578807207092580352,['https://youtu.be/joq1tfskYy0'],[],0,,FALSE,0,0,0,,"""กัญชาการแพทย์""",,,,,,,[],,,,
29,1575505562561028096,1575170369035464710,1.66446E+12,2022-09-29 15:19:32,+0000,,@NickyIndy_94 @phongsathon_k ไม่มีใครมาชมไอหนูเลยถ้าสังเกตุ นี่เพื่อกัญชามาตั้งแต่ไอหนูจะหยิบมาเป็นนโยบายแล้ว. แต่หมอเก่งเองยังอ้างว่า ตกลงกัญชาการแพทย์ หรือ สันธนาการ ในการตั้งคำถามอยู่เลย สงสัยไม่ได้คุยกับทิม. ควรคุยกันให้มากกว่านี้. ละทำไมมาเน้นแค่ให้ข้อมูลผิดพลาด ได้ไปอ่านสคริปเต็มๆ หรือยัง,th,[],[],1.42317E+18,1423169252018688000,IStoneAlone420,Noel กัญชาแมว,4,15,https://twitter.com/IStoneAlone420/status/1575505562561028096,[],[],0,,FALSE,2,0,0,,"""กัญชาการแพทย์""",,,,,,,"[{'screen_name': 'NickyIndy_94', 'name': 'Nicky in the land of compromise', 'id': '1316988441410744320'}, {'screen_name': 'phongsathon_k', 'name': 'Phongsathon K.', 'id': '1513832430737584130'}]",,,,
30,1575311511840358400,1575107752959311873,1.66442E+12,2022-09-29 02:28:26,+0000,,@WHL9992 @ACORNonTop เอ้าไม่เกี่ยวได้ไงมันชูกัญชาการแพทย์ คิดว่าทีมอนุทินไม่มีหมอหรอ ไหนจะบุคลากรการแพทย์ เช่น แพทย์แผนไทย และอื่นอีก,th,[],[],298382351,298382351,boommari,❤️น้องแมวพักผ่อนแล้ว ⛄️,4,02,https://twitter.com/boommari/status/1575311511840358400,[],[],0,,FALSE,0,1,0,,"""กัญชาการแพทย์""",,,,,,,"[{'screen_name': 'WHL9992', 'name': '\uea00ไร่ส้ม', 'id': '1492491831007154176'}, {'screen_name': 'ACORNonTop', 'name': 'ACORN🌲🐿', 'id': '1523615623900987392'}]",,,,
31,1575067839412981760,1575067839412981760,1.66436E+12,2022-09-28 10:20:10,+0000,,#หมอวาโย #ก้าวไกล ซัด #อนุทิน #กัญชาเสรี ทำเยาวชนเข้าถึงง่ายกว่าบุหรี่ ให้ข้อมูล #กัญชาการแพทย์ แบบผิดๆ เหน็บอยากทำตัวเป็นหมอ ให้ไปเรียนแพทย์มาก่อน ‘อนุทิน’ โต้ด้วยโทสะ ขาดวุฒิภาวะ ปล่อยให้เด็กได้ดัง ไม่เก็บมาคิด  🔴 อ่านเพิ่มเติม &gt;&gt;  https://t.co/oA7tBwqOhi  #SPACEBAR  https://t.co/4cnlEz8DZK,th,"['หมอวาโย', 'ก้าวไกล', 'อนุทิน', 'กัญชาเสรี', 'กัญชาการแพทย์', 'spacebar']",[],1.45322E+18,1453219269395812354,SpacebarMediaTH,Spacebar,3,10,https://twitter.com/SpacebarMediaTH/status/1575067839412981760,['https://spacebar.th/thailand/vayo-anutin-physician'],['https://pbs.twimg.com/media/FdvDfflaEAEX90G.jpg'],1,https://pbs.twimg.com/media/FdvDfflaEAEX90G.jpg,FALSE,0,0,0,,"""กัญชาการแพทย์""",,,,,,,[],,,,
32,1574411014413889538,1574411014413889538,1.6642E+12,2022-09-26 14:50:11,+0000,,วิสาหกิจชุมชนบ้านโสกจาน หนุนกัญชาการแพทย์-ศก.ขอหยุดเกมการเมือง หนุน “อนุทิน” สานต่อ เผยแพร่: 26 ก.ย. 2565 18:06   ปรับปรุง: 26 ก.ย. 2565 18:06   โดย: ผู้จัดการออนไลน์   https://t.co/SOKoQfOTHV,th,[],[],1.56324E+18,1563235457160609793,qdfedfggfghh,สมหวัง บุญสมบัติ,1,14,https://twitter.com/qdfedfggfghh/status/1574411014413889538,['https://mgronline.com/politics/detail/9650000092468'],[],0,,FALSE,0,0,0,,"""กัญชาการแพทย์""",,,,,,,[],,,,
33,1573611820333793280,1573605660662677505,1.66401E+12,2022-09-24 09:54:28,+0000,,@3Plusnews กัญชาการแพทย์เป็นเรื่องดี กัญชาเสรีเป็นเรื่องระยำ #ยกเลิกกัญชาเสรี,th,['ยกเลิกกัญชาเสรี'],[],1.33767E+18,1337667726148395008,OHTASAWANG,🇹🇭TASAWANG🇹🇭,6,09,https://twitter.com/OHTASAWANG/status/1573611820333793280,[],[],0,,FALSE,0,0,0,,"""กัญชาการแพทย์""",,,,,,,"[{'screen_name': '3Plusnews', 'name': '3PlusNews', 'id': '167306817'}]",,,,
34,1572500901641986048,1572500901641986048,1.66375E+12,2022-09-21 08:20:05,+0000,,“ปิดสุญญากาศกัญชา” การแพทย์หรือการเมือง  ชมสดตอนนี้  https://t.co/WgmknVH14t  สามารถติดตามรับชมได้อีกช่องทางที่ Facebook Fanpage : รายการคมชัดลึก NationTV กดช่อง 22  #รายการคมชัดลึก #NationTV22 #ภูมิใจไทย #ปลดล็อกกัญชา #กฎหมายกัญชา #สุญญากาศกัญชา #การเมือง #การแพทย์ #เสรีกัญชา  https://t.co/6xzoXBdDy1,th,"['รายการคมชัดลึก', 'nationtv22', 'ภูมิใจไทย', 'ปลดล็อกกัญชา', 'กฎหมายกัญชา', 'สุญญากาศกัญชา', 'การเมือง', 'การแพทย์', 'เสรีกัญชา']",[],97635936,97635936,kcltv,รายการคมชัดลึก,3,08,https://twitter.com/kcltv/status/1572500901641986048,['https://youtu.be/2P_ygsng8tE'],['https://pbs.twimg.com/media/FdKlO49acAMl9M2.jpg'],1,https://pbs.twimg.com/media/FdKlO49acAMl9M2.jpg,FALSE,0,0,0,,"""กัญชาการแพทย์""",,,,,,,[],,,,
35,1572490743624900608,1572490743624900608,1.66375E+12,2022-09-21 07:39:43,+0000,,"กัญชาการแพทย์แต่ cannabis overdose มา er เพราะ ""อยากลองเสพดู"" นี่ไม่รู้สึกแปลกๆกันบ้างเหรอ",th,[],[],1.07211E+18,1072109325965910017,trimethoprim10,พะริมพิม,3,07,https://twitter.com/trimethoprim10/status/1572490743624900608,[],[],0,,FALSE,0,0,0,,"""กัญชาการแพทย์""",,,,,,,[],,,,
36,1572472466496434179,1572438428637360128,1.66374E+12,2022-09-21 06:27:05,+0000,,@peachyfarm ยกตัวอย่าง การใช้กัญชาการแพทย์ที่ Cali  ผู้ใช้ต้องไปขอ ID จนท.รัฐก่อน จุดนี่คือด่านที่แพทย์จะมีโอกาสสกรีน และ filter ผู้ใช้ รวมถึงความเสี่ยงต่างๆ หากมีโอกาสเกิดอาการแพ้ กัญชา แต่ ปชช. ก็ยังสามารถปลูกใช้กันเองได้ 6 ต้นแบบ organic  https://t.co/uNeRexbdHJ,th,[],[],1.42317E+18,1423169252018688000,IStoneAlone420,Noel กัญชาแมว,3,06,https://twitter.com/IStoneAlone420/status/1572472466496434179,[],['https://pbs.twimg.com/media/FdKLXw6aUAMxKio.jpg'],1,https://pbs.twimg.com/media/FdKLXw6aUAMxKio.jpg,FALSE,0,1,0,,"""กัญชาการแพทย์""",,,,,,,"[{'screen_name': 'peachyfarm', 'name': 'เพอวเพอวล์ 😜🤪', 'id': '2437206986'}]",,,,
37,1570981097726685184,1570680964153765888,1.66339E+12,2022-09-17 03:40:55,+0000,,@_kharkdom @ChaninNume @johnwinyu ธุรกิจสร้างเงินสร้างรายได้ คนที่ใช้กัญชาการแพทย์ กับสันธนาการอยู่ในกลุ่มเดียวกัน ละสังคมก็เริ่มได้เปิดรับกัญชาไปสักพักละ คนควรมีสิทธิปลูกใช้เองได้อย่างมีความรู้ ก็รอดูเอาว่าใครจะร้องเอ๋งๆ จะได้ดินถล่มหรือจะโดนดินถล่ม ถ้านับทั้งจำนวนผู้ป่วย ผู้ดูด ธุรกิจอาหาร เครื่องดื่ม สุขภาพฯลฯ,th,[],[],1.42317E+18,1423169252018688000,IStoneAlone420,Noel กัญชาแมว,6,03,https://twitter.com/IStoneAlone420/status/1570981097726685184,[],[],0,,FALSE,0,0,0,,"""กัญชาการแพทย์""",,,,,,,"[{'screen_name': '_kharkdom', 'name': 'แขกดำ', 'id': '1133760343933505536'}, {'screen_name': 'ChaninNume', 'name': 'Chanin Rungtanakiat (หนุ่ม)', 'id': '1137742952195735553'}, {'screen_name': 'johnwinyu', 'name': 'John Winyu', 'id': '58219570'}]",,,,
38,1570724441360826369,1570724441360826369,1.66332E+12,2022-09-16 10:41:04,+0000,,'เพื่อไทย' ยันหนุนกัญชาการแพทย์ ไม่ใช่กัญชาสันทนาการ - 'ศุภชัย' ลั่นเร่งปรับปรุงร่าง กม.กลับสภาฯ  https://t.co/zSNqNnutN1,th,[],[],8.85717E+17,885717132247355393,xanroo,แสนรู้,5,10,https://twitter.com/xanroo/status/1570724441360826369,['https://zpr.io/xwwSzVEDpjra'],[],0,,FALSE,0,0,0,,"""กัญชาการแพทย์""",,,,,,,[],,,,
39,1570721385239945217,1570721385239945217,1.66332E+12,2022-09-16 10:28:55,+0000,,'เพื่อไทย' ยันหนุนกัญชาการแพทย์ ไม่ใช่กัญชาสันทนาการ - 'ศุภชัย' ลั่นเร่งปรับปรุงร่าง กม.กลับสภาฯ   https://t.co/k9hXlSvdKh,th,[],[],110596487,110596487,thaitvnews,thaitvnews,5,10,https://twitter.com/thaitvnews/status/1570721385239945217,['https://ift.tt/rjNuSVQ'],[],0,,FALSE,1,0,0,,"""กัญชาการแพทย์""",,,,,,,[],,,,
40,1570721142872346625,1570721139462402048,1.66332E+12,2022-09-16 10:27:57,+0000,,"""เพื่อไทย"" ยัน สนับสนุนกัญชาการแพทย์ ไม่ใช่กัญชาสันทนาการ ย้ำต้องมี พ.ร.บ. ควบคุม #พรรคเพื่อไทย #สุทิน #พรบกัญชากัญชง #พรรคภูมิใจไทย  https://t.co/6IyKw3nH33",th,"['พรรคเพื่อไทย', 'สุทิน', 'พรบกัญชากัญชง', 'พรรคภูมิใจไทย']",[],1.35883E+18,1358828134607454212,kanmuang_th,การเมือง Kanmuang,5,10,https://twitter.com/kanmuang_th/status/1570721142872346625,['https://www.kanmuang.com/news/politics/8732/'],[],0,,FALSE,1,0,0,,"""กัญชาการแพทย์""",,,,,,,[],,,,
41,1570721139462402048,1570721139462402048,1.66332E+12,2022-09-16 10:27:56,+0000,,"""เพื่อไทย"" ยัน สนับสนุนกัญชาการแพทย์ ไม่ใช่กัญชาสันทนาการ ย้ำต้องมี พ.ร.บ. ควบคุม #พรรคเพื่อไทย #สุทิน #พรบกัญชากัญชง #พรรคภูมิใจไทย  https://t.co/W3pldogEtA",th,"['พรรคเพื่อไทย', 'สุทิน', 'พรบกัญชากัญชง', 'พรรคภูมิใจไทย']",[],1.35883E+18,1358828134607454212,kanmuang_th,การเมือง Kanmuang,5,10,https://twitter.com/kanmuang_th/status/1570721139462402048,[],['https://pbs.twimg.com/media/FcxSNO_agAEOOjq.jpg'],1,https://pbs.twimg.com/media/FcxSNO_agAEOOjq.jpg,FALSE,3,1,4,,"""กัญชาการแพทย์""",,,,,,,[],,,,
42,1570701968162824193,1570701968162824193,1.66332E+12,2022-09-16 09:11:46,+0000,,เพื่อไทยยัน สนับสนุนกัญชาการแพทย์ ไม่ใช่กัญชาสันทนาการ ย้ำต้องมี พ.ร.บ. ควบคุม แต่สาระต้องดำรงเจตนาเพื่อการแพทย์ การวิจัย ส่งเสริมรายได้ประชาชน  https://t.co/zdoZxgfXNZ,th,[],[],1.36082E+18,1360819822976585731,PlewSeengern,plew seengern,5,09,https://twitter.com/PlewSeengern/status/1570701968162824193,['https://plewseengern.com/plewseengern/92530'],[],0,,FALSE,3,0,1,,"""กัญชาการแพทย์""",,,,,,,[],,,,
43,1570699965151981568,1570699965151981568,1.66332E+12,2022-09-16 09:03:48,+0000,,‘เพื่อไทย’ สนับสนุน ‘กัญชาการแพทย์’ ไม่ใช่เพื่อ ‘กัญชาสันทนาการ’ ย้ำต้องมี พ.ร.บ.ควบคุม แต่สาระต้องดำรงเจตนาเพื่อการแพทย์ส่งเสริมการวิจัย ส่งเสริมรายได้ให้กับประชาชนเท่านั้น  https://t.co/VmOloOMyMm  https://t.co/TQCE1NA3Od,th,[],[],181415330,181415330,PheuThaiParty,พรรคเพื่อไทย Pheu Thai Party,5,09,https://twitter.com/PheuThaiParty/status/1570699965151981568,['https://www.facebook.com/pheuthaiparty/posts/pfbid09eHmRRzhmcsFQNKxD6AmdYwwsyQcTTYhUq2383xnFPqJ1J5pWUKHmzkJg3KZLKA5l'],['https://pbs.twimg.com/media/Fcw--u9aEAM9GyT.jpg'],1,https://pbs.twimg.com/media/Fcw--u9aEAM9GyT.jpg,FALSE,204,9,64,,"""กัญชาการแพทย์""",,,,,,,[],,,,
44,1570693715995529216,1570693715995529216,1.66332E+12,2022-09-16 08:38:58,+0000,,'เพื่อไทย' ยันหนุนกัญชาการแพทย์ ไม่ใช่กัญชาสันทนาการ ย้ำต้องมี พ.ร.บ. ควบคุม แต่สาระต้องดำรงเจตนาเพื่อการแพทย์ การวิจัย ส่งเสริมรายได้ประชาชน  'ศุภชัย' สู้กลับ ยันจะทำทุกทางไม่ให้ใครนำกัญชากลับไปเป็นยาเสพติดอีกครั้ง เร่งปรับปรุงร่างกลับสภาฯ   อ่านเพิ่มที่  https://t.co/rWUFqda8KT,th,[],[],15016766,15016766,prachatai,prachatai,5,08,https://twitter.com/prachatai/status/1570693715995529216,['https://prachatai.com/journal/2022/09/100554'],[],0,,FALSE,9,1,3,,"""กัญชาการแพทย์""",,,,,,,[],,,,
45,1570692293983862787,1570692293983862787,1.66332E+12,2022-09-16 08:33:19,+0000,,“เพื่อไทย”  ยัน สนับสนุนกัญชาการแพทย์ ไม่ใช่กัญชาสันทนาการ  https://t.co/8v1buEqaw8 #สุทินคลังแสง #กัญชาเสรี #กัญชาทางการแพทย์  https://t.co/WLqf39uGP7,th,"['สุทินคลังแสง', 'กัญชาเสรี', 'กัญชาทางการแพทย์']",[],65319043,65319043,news1005fm,MCOT News FM100.5,5,08,https://twitter.com/news1005fm/status/1570692293983862787,['https://news1005.mcot.net/view/63242ee4e3f8e407be7ac546'],['https://pbs.twimg.com/media/Fcw4T34acAIxWsJ.jpg'],1,https://pbs.twimg.com/media/Fcw4T34acAIxWsJ.jpg,FALSE,2,0,0,,"""กัญชาการแพทย์""",,,,,,,[],,,,
46,1570679794060398594,1570679794060398594,1.66331E+12,2022-09-16 07:43:39,+0000,,เพื่อไทย ยันหนุนกัญชาการแพทย์ ไม่ใช่สันทนาการ ย้ำต้องมี พ.ร.บ.ควบคุม  https://t.co/lsQdLKOxxQ  https://t.co/PdJZFM22nz,th,[],[],9644122,9644122,poakpong,poakpong ♪,5,07,https://twitter.com/poakpong/status/1570679794060398594,['http://dlvr.it/SYQdQG'],['https://pbs.twimg.com/media/Fcws8jnakAE9VUP.jpg'],1,https://pbs.twimg.com/media/Fcws8jnakAE9VUP.jpg,FALSE,0,0,0,,"""กัญชาการแพทย์""",,,,,,,[],,,,
47,1570622894312673281,1570622894312673281,1.6633E+12,2022-09-16 03:57:33,+0000,,ปชป.ย้ำจุดยืน กัญชาการแพทย์ ไม่เกี่ยวการเมือง วอนภูมิใจไทย มองประโยชน์ชาติ ระยะยาว  https://t.co/g6onnwBdvD via @MatichonOnline,th,[],[],234274515,234274515,weeranan,weeranan,5,03,https://twitter.com/weeranan/status/1570622894312673281,['https://www.matichon.co.th/politics/news_3565624'],[],0,,FALSE,7,1,0,,"""กัญชาการแพทย์""",,,,,,,[],,,,
48,1570617747478040576,1570617747478040576,1.6633E+12,2022-09-16 03:37:06,+0000,,ปชป.ย้ำจุดยืน กัญชาการแพทย์ ไม่เกี่ยวการเมือง วอนภูมิใจไทย มองประโยชน์ชาติ ระยะยาว  https://t.co/vvpzyaLDDh via @MatichonOnline,th,[],[],65314514,65314514,MatichonOnline,Matichon Online,5,03,https://twitter.com/MatichonOnline/status/1570617747478040576,['https://www.matichon.co.th/politics/news_3565624'],[],0,,FALSE,11,2,1,,"""กัญชาการแพทย์""",,,,,,,[],,,,
49,1567372953016475648,1567372953016475648,1.66253E+12,2022-09-07 04:43:27,+0000,,โหวววววแพทย์สภารอบนี้มาแน่นเลยทุกหน่วยเลยมั้ง vs กัญชาการแพทย์ สอดไส้นันทนาการ หนูผี,th,[],[],167839093,167839093,Filmize_nekar,(=^･ω･^=),3,04,https://twitter.com/Filmize_nekar/status/1567372953016475648,[],[],0,,FALSE,0,0,0,,"""กัญชาการแพทย์""",,,,,,,[],,,,
50,1564566735537446913,1564566735537446913,1.66186E+12,2022-08-30 10:52:32,+0000,,เพื่อนในไิอจีเปิดพรีคุ๊กกี้กัญชา ถามจริง นี่มันกัญชาการแพทย์ตรงไหน เสรีเกินไปมั้ย,th,[],[],2481029791,2481029791,unffcy,◡̈,2,10,https://twitter.com/unffcy/status/1564566735537446913,[],[],0,,FALSE,0,0,0,,"""กัญชาการแพทย์""",,,,,,,[],,,,
51,1564200392787107840,1564200392787107840,1.66177E+12,2022-08-29 10:36:49,+0000,,แค่เพียงเดินผ่านสุขุมวิททั้งเส้น เราจะเห็นกัญชาการแพทย์เต็มไปหมด ขอบคุณจ้า อิหนู,th,[],[],4438465693,4438465693,fahsptt,hafhaf ทดลองไม่ปสด,1,10,https://twitter.com/fahsptt/status/1564200392787107840,[],[],0,,FALSE,0,0,0,https://twitter.com/Offchainon/status/1564187882809872385,"""กัญชาการแพทย์""",,,,,,,[],,,,
52,1564193438232621056,1564187882809872385,1.66177E+12,2022-08-29 10:09:11,+0000,,@Offchainon กัญชาที่พวกร้านอาหารใส่ไม่บอกเป็นกัญชาการแพทย์ไหม,th,[],[],7.57278E+17,757277749631340545,fu_rarin,Rarin,1,10,https://twitter.com/fu_rarin/status/1564193438232621056,[],[],0,,FALSE,2,0,0,,"""กัญชาการแพทย์""",,,,,,,"[{'screen_name': 'Offchainon', 'name': 'OFF CHAINON', 'id': '65871931'}]",,,,
53,1563874040489644034,1563874040489644034,1.66169E+12,2022-08-28 13:00:01,+0000,,'ภูมิใจไทย' ระบุพรรคไม่เคยใช้ประเด็น 'ขึ้นค่าแรงขั้นต่ำ' หาเสียง แจงความสำเร็จ 'กัญชาการแพทย์ - GRAB ถูกกฎหมาย - ปลดผู้ค้ำกู้ยืม กยศ.' - รองโฆษก รบ. ระบุขึ้นค่าแรงขั้นต่ำเพื่อบรรเทาภาระค่าครองชีพผู้ใช้แรงงาน ปรับไม่ถึง 425 บาท เพราะผลกระทบสถานการณ์โควิด-19  https://t.co/lrKcdovKqW,th,[],[],15016766,15016766,prachatai,prachatai,7,13,https://twitter.com/prachatai/status/1563874040489644034,['https://prachatai.com/journal/2022/08/100260'],[],0,,FALSE,4,2,2,,"""กัญชาการแพทย์""",,,,,,,[],,,,
54,1563438123366752258,1563438123366752258,1.66159E+12,2022-08-27 08:07:50,+0000,,“ภูมิใจไทย” ตอบ“แพทย์ชนบท”พรรคไม่เคยมีนโยบายขึ้นค่าแรงขั้นต่ำ แจงยิบความสำเร็จ “กัญชาการแพทย์-GRABถูกกฎหมาย-ปลดผู้ค้ำกู้ ยืม กยศ.”  https://t.co/GdiC27sGvh ผ่าน @The Journalist Club,th,[],[],1.13359E+18,1133593810565419008,jnc_journalist,The Journalist Club,6,08,https://twitter.com/jnc_journalist/status/1563438123366752258,['https://thejournalistclub.com/%e0%b8%a0%e0%b8%b9%e0%b8%a1%e0%b8%b4%e0%b9%83%e0%b8%88%e0%b9%84%e0%b8%97%e0%b8%a2-%e0%b8%95%e0%b8%ad%e0%b8%9a%e0%b9%81%e0%b8%9e%e0%b8%97%e0%b8%a2%e0%b9%8c%e0%b8%8a%e0%b8%99/'],[],0,,FALSE,0,0,0,,"""กัญชาการแพทย์""",,,,,,,[],,,,
55,1559869900080181255,1559869900080181255,1.66074E+12,2022-08-17 11:48:59,+0000,,"รองนายกฯ อนุทิน ย้ำกัญชาเป็นประโยชน์และทางเลือกรักษาแก่ประชาชน ระบุ สังคมเข้าใจกัญชาเพิ่มขึ้น กว่า 2 เดือนนโยบาย #กัญชาเสรี เพื่อสุขภาพและทางการแพทย์ ไม่ก่อผลด้านลบอย่างที่กังวลใจ ผู้ป่วยเฉียบพลันจากกัญชาลดลงและไม่เพิ่ม ขณะที่ตลาดกัญชาการแพทย์โต 26% ต่อปี มูลค่า 2,700 ล้านบาท  https://t.co/erV1cFIVTo",th,['กัญชาเสรี'],[],226814537,226814537,nnthotnews,NNT,3,11,https://twitter.com/nnthotnews/status/1559869900080181255,[],['https://pbs.twimg.com/media/FaXEvRKakAI9hB4.jpg'],1,https://pbs.twimg.com/media/FaXEvRKakAI9hB4.jpg,FALSE,7,0,2,,"""กัญชาการแพทย์""",,,,,,,[],,,,
56,1559473875838087168,1559473875838087168,1.66064E+12,2022-08-16 09:35:20,+0000,,SPA ลุยร่วมทุนเอมาราเอเชีย บุกธุรกิจกัญชาการแพทย์ Q4 ปี 65 เปิดสยามเวลเนสเอมารารุกบริการ “คลินิก-ปลูกสกัด-ผลิตขาย”  https://t.co/iSIPjtqXdH,th,[],[],1.13359E+18,1133593810565419008,jnc_journalist,The Journalist Club,2,09,https://twitter.com/jnc_journalist/status/1559473875838087168,['https://thejournalistclub.com/spa-%e0%b8%a5%e0%b8%b8%e0%b8%a2%e0%b8%a3%e0%b9%88%e0%b8%a7%e0%b8%a1%e0%b8%97%e0%b8%b8%e0%b8%99%e0%b9%80%e0%b8%ad%e0%b8%a1%e0%b8%b2%e0%b8%a3%e0%b8%b2%e0%b9%80%e0%b8%ad%e0%b9%80%e0%b8%8a%e0%b8%b5/'],[],0,,FALSE,0,0,0,,"""กัญชาการแพทย์""",,,,,,,[],,,,
57,1558064956117237760,1558064956117237760,1.66031E+12,2022-08-12 12:16:47,+0000,,จับยังไง….กัญชาการแพทย์ 😐 แพทย์แต่ปากนะสิ ปากสัมภาษณ์การแพทย์ทางปฎิบัติเป็นแบบเสรี ปลูก แจกขายกันกระหน่ำ พรรคหนูก็แจกให้ชาวบ้าน ชาวบ้านก็เอาใส่อาหาร …..ช่างเถอะรัฐบาลตั้งแต่นายก ยันรัฐมนตรีแล้ว ทำอะไรก็ไม่ปิดหรอก,th,[],[],4921143338,4921143338,lada_WL,Suree_ladda🌄📚,5,12,https://twitter.com/lada_WL/status/1558064956117237760,[],[],0,,FALSE,0,0,0,https://twitter.com/NationTV22/status/1558052443329441794,"""กัญชาการแพทย์""",,,,,,,[],,,,
58,1556572584744849408,1556572584744849408,1.65995E+12,2022-08-08 09:26:38,+0000,,"กัญชาการแพทย์ แกร็บถูกกฎหมาย ทำสำเร็จ ! ""ศุภชัย"" ขอบคุณ ""PromiseTracker"" ตรวจสอบฝ่ายการเมือง  https://t.co/Pycb02prvd #สยามรัฐ #สยามรัฐออนไลน์ #siamrath #siamrathonline #ข่าววันนี้ #กัญชาการแพทย์ #กัญชา",th,"['สยามรัฐ', 'สยามรัฐออนไลน์', 'siamrath', 'siamrathonline', 'ข่าววันนี้', 'กัญชาการแพทย์', 'กัญชา']",[],1.26448E+18,1264480106153558017,siamrath_online,สยามรัฐ,1,09,https://twitter.com/siamrath_online/status/1556572584744849408,['https://siamrath.co.th/n/371913'],[],0,,FALSE,1,0,0,,"""กัญชาการแพทย์""",,,,,,,[],,,,
59,1556545197773041664,1556545197773041664,1.65994E+12,2022-08-08 07:37:49,+0000,,"กัญชาการแพทย์ แกร็บถูกกฎหมาย ทำสำเร็จ ! ""ศุภชัย"" ขอบคุณ ""PromiseTracker"" ตรวจสอบฝ่ายการเมือง เผย นโยบายฟื้นเศรษฐกิจใต้ อยู่ในสภา ส่วนเรื่อง อสม.เดินหน้าผลักดันสิทธิประโยชน์แล้ว  https://t.co/li2xR0ftPy",th,[],[],1.36082E+18,1360819822976585731,PlewSeengern,plew seengern,1,07,https://twitter.com/PlewSeengern/status/1556545197773041664,['https://www.plewseengern.com/plewseengern/93865'],[],0,,FALSE,2,0,1,,"""กัญชาการแพทย์""",,,,,,,[],,,,
60,1556525779605164032,1556525779605164032,1.65994E+12,2022-08-08 06:20:39,+0000,,ภูมิใจไทย โวกัญชาการแพทย์-แกร็บถูกกฎหมายทำสำเร็จ   https://t.co/tuAQtMu7WY  #TOPNEWS #TOPTV,th,"['topnews', 'toptv']",[],1.33919E+18,1339188540375089153,toptvthailand,TOP NEWS,1,06,https://twitter.com/toptvthailand/status/1556525779605164032,['https://www.topnews.co.th/news/391716'],[],0,,FALSE,2,0,1,,"""กัญชาการแพทย์""",,,,,,,[],,,,
61,1556508841012912128,1556508841012912128,1.65994E+12,2022-08-08 05:13:20,+0000,,ทำสำเร็จ!…กัญชาการแพทย์ แกร็บถูกกฎหมาย “ศุภชัย” ขอบคุณ “PromiseTracker” ตรวจสอบฝ่ายการเมือง  https://t.co/xJmn6SUWaP,th,[],[],1.13359E+18,1133593810565419008,jnc_journalist,The Journalist Club,1,05,https://twitter.com/jnc_journalist/status/1556508841012912128,['https://thejournalistclub.com/%e0%b8%97%e0%b8%b3%e0%b8%aa%e0%b8%b3%e0%b9%80%e0%b8%a3%e0%b9%87%e0%b8%88-%e0%b8%81%e0%b8%b1%e0%b8%8d%e0%b8%8a%e0%b8%b2%e0%b8%81%e0%b8%b2%e0%b8%a3%e0%b9%81%e0%b8%9e%e0%b8%97%e0%b8%a2%e0%b9%8c/'],[],0,,FALSE,0,0,0,,"""กัญชาการแพทย์""",,,,,,,[],,,,
62,1556121510028292096,1556121510028292096,1.65984E+12,2022-08-07 03:34:13,+0000,,กัญชาการแพทย์ งั้นให้รพ.คุมการใช้งานไปเลยมั้ย ใส่ตู้มาขายง่ายๆได้ไง,th,[],[],1.20059E+18,1200586788324036608,Mina_p03684,Por.Mina,7,03,https://twitter.com/Mina_p03684/status/1556121510028292096,[],[],0,,FALSE,0,0,0,,"""กัญชาการแพทย์""",,,,,,,[],,,,
63,1552827537541124096,1552574050324557824,1.65906E+12,2022-07-29 01:25:09,+0000,,@tanawatofficial อิหนูท่อไม่เคยคุมอะไรอยู่ ดูดปุ้น พี้กัญชาการแพทย์ของพ่องไปวันๆ สังเกตช่วงนี้ออกมาตอบคำถามทีไร บางวันนี่ตาเยิ้มเชียว 🙄,th,[],[],1.12784E+18,1127840338582753280,hiddenlalis,แอบมองเธออยู่หลังต้นไม้,5,01,https://twitter.com/hiddenlalis/status/1552827537541124096,[],[],0,,FALSE,2,0,0,,"""กัญชาการแพทย์""",,,,,,,"[{'screen_name': 'tanawatofficial', 'name': 'บอล ธนวัฒน์ วงค์ไชย', 'id': '1121682547652513792'}]",,,,
64,1552711421976547329,1552493897414496256,1.65903E+12,2022-07-28 17:43:45,+0000,,@ploypotter กัญชาการแพทย์ คือแบบ  มันต้องเป็นพวกสารสกัด ละมี CBD ในอัตราส่วนที่สูงพอสมควร ไอ้ที่เอามาใช้เป็นดอกๆ เอามาสูบ นี่รับแต่ THC เมาหัวทิ่มทั้งนั้น - แต่ก็แบบ เหมือนเมาเหล้า เมายาสูบแหละ เข้าใจได้   ปล. ใครอยากลองเมา แบบมีแพทย์ให้คำปรึกษาติดต่อได้,th,[],[],1079800567,1079800567,0Mart0,ดูดวงจีน☯️ - ทนายดูดวง⚖️ Astrology and Poetry,4,17,https://twitter.com/0Mart0/status/1552711421976547329,[],[],0,,FALSE,19,0,13,,"""กัญชาการแพทย์""",,,,,,,"[{'screen_name': 'ploypotter', 'name': 'ploypotter', 'id': '24200284'}]",,,,
65,1552703472998330369,1552567803361652741,1.65903E+12,2022-07-28 17:12:10,+0000,,@TarotYouuuu สัสเอ้ยไอเหี้ยหนู วันๆมุ่งจะพี้แต่กัญชา การแพทย์พ่อมึงอะ,th,[],[],1.42402E+18,1424022230015483917,triedasfuck1,triedasfuck,4,17,https://twitter.com/triedasfuck1/status/1552703472998330369,[],[],0,,FALSE,15,0,11,,"""กัญชาการแพทย์""",,,,,,,"[{'screen_name': 'TarotYouuuu', 'name': 'Tarot to youuuu', 'id': '1243580273889095681'}]",,,,
66,1549654797346754565,1549654797346754565,1.6583E+12,2022-07-20 07:17:49,+0000,,2 หมอ แจง แถลงกัญชาการแพทย์ ที่รัฐสภา ย้ำรู้หน้าที่ข้าราชการประจำไม่ล้ำเส้นการเมือง แค่อธิบายให้ประชาชนเข้าใจหากใช้สารสกัดกัญชา ใช้เพื่อรักษาโรค            #สำนักข่าวไทย @Aormcot   @politics_mcot @tiamoNOK  @ann_wichunee,th,['สำนักข่าวไทย'],[],81887916,81887916,Daratv,Phitsanu - 30HD,3,07,https://twitter.com/Daratv/status/1549654797346754565,[],[],0,,FALSE,0,0,0,,"""กัญชาการแพทย์""",,,,,,,[],,,,
67,1549595945721298946,1549595945721298946,1.65829E+12,2022-07-20 03:23:58,+0000,,แพทย์ชัยภูมิเตือนประชาชน “อย่าใช้ #กัญชา เกินขนาด” หลังพบคนไม่เชื่อถูกหามส่ง #โรงพยาบาล ตอนนี้โคม่า 3 คน  อ่านต่อ :  https://t.co/czYmdtwTNk  #ข่าวช่อง8 #ข่าวออนไลน์ช่อง8 #กัญชา #กัญชาการแพทย์ #เสรีกัญชา #สันทนาการ  #ชัยภูมิ #ใบกัญชา  https://t.co/epDulzTaGb,th,"['กัญชา', 'โรงพยาบาล', 'ข่าวช่อง8', 'ข่าวออนไลน์ช่อง8', 'กัญชา', 'กัญชาการแพทย์', 'เสรีกัญชา', 'สันทนาการ', 'ชัยภูมิ', 'ใบกัญชา']",[],2532360218,2532360218,thaich8news,ข่าวช่อง8,3,03,https://twitter.com/thaich8news/status/1549595945721298946,['http://thaich8.com/news_detail/110558'],['https://pbs.twimg.com/media/FYFEmRNacAI-2X8.jpg'],1,https://pbs.twimg.com/media/FYFEmRNacAI-2X8.jpg,FALSE,2,0,0,,"""กัญชาการแพทย์""",,,,,,,[],,,,
68,1549412227924766720,1549412227924766720,1.65824E+12,2022-07-19 15:13:56,+0000,,สธ. แท็กทีม ยัน กัญชาการแพทย์ สอดรับอนุสัญญาเดี่ยวว่าด้วยยาเสพติดให้โทษฯ #กัญชา #ฐานเศรษฐกิจ  https://t.co/GpgQjEavWn,th,"['กัญชา', 'ฐานเศรษฐกิจ']",[],64994079,64994079,Thansettakij,ฐานเศรษฐกิจ,2,15,https://twitter.com/Thansettakij/status/1549412227924766720,['https://www.thansettakij.com/politics/533305'],[],0,,FALSE,8,2,5,,"""กัญชาการแพทย์""",,,,,,,[],,,,
69,1549311679917305856,1549311679917305856,1.65822E+12,2022-07-19 08:34:23,+0000,,เอาจิงก็ไม่ได้อะไรกับการเปิดคลินิกกัญชามากขนาดนั้น เพราะคิดว่าถ้าจะบอกว่าเสรีกัญชาการแพทย์ก็ควรผลักดันผู้ป่วยเข้ารับยาตามระบบมากกว่าอ่ะ แต่จะมาบังคับเป็นตัวชี้วัดว่าต้องจ่ายยาให้ผู้ป่วยเท่านี้ๆๆๆ มันก็แบบ,th,[],[],429631635,429631635,plopolyploy,Ⓟ,2,08,https://twitter.com/plopolyploy/status/1549311679917305856,[],[],0,,FALSE,0,0,0,,"""กัญชาการแพทย์""",,,,,,,[],,,,
70,1549283639019843589,1549283639019843589,1.65821E+12,2022-07-19 06:42:58,+0000,,กัญชาการแพทย์ #อภิปรายไม่ไว้วางใจ65  https://t.co/AGQNDEuSXs,th,['อภิปรายไม่ไว้วางใจ65'],[],1.35334E+18,1353343524574359560,safeyourpain,🎐トｳントロ t u l t o r o ☀️,2,06,https://twitter.com/safeyourpain/status/1549283639019843589,[],['https://pbs.twimg.com/media/FYApQX5aIAAMyhv.jpg'],1,https://pbs.twimg.com/media/FYApQX5aIAAMyhv.jpg,FALSE,0,0,3,,"""กัญชาการแพทย์""",,,,,,,[],,,,
71,1549276446580871168,1549271904476770307,1.65821E+12,2022-07-19 06:14:23,+0000,,Timeline สถานะกัญชาในไทย จะเห็นว่าไทยเข้าสู่ยุคกัญชาการแพทย์มาก่อนแล้ว ไม่ได้เริ่มที่อนุทิน  *** พรบ.ยาเสพติด 2522 เน้นที่มาตรา 8  https://t.co/jin49atbd7,th,[],[],1.1127E+18,1112702867620532224,norphor_ps,นอภอ | #สุราก้าวหน้า🍻,2,06,https://twitter.com/norphor_ps/status/1549276446580871168,[],"['https://pbs.twimg.com/media/FYAitvfacAA4w3K.jpg', 'https://pbs.twimg.com/media/FYAitvhagAA4EDS.jpg', 'https://pbs.twimg.com/media/FYAitvWaUAA6CIj.jpg', 'https://pbs.twimg.com/media/FYAitvWagAAZcwS.jpg']",1,https://pbs.twimg.com/media/FYAitvfacAA4w3K.jpg,FALSE,3,1,21,,"""กัญชาการแพทย์""",,,,,,,[],,,,
72,1548509696650543104,1548490079538413569,1.65803E+12,2022-07-17 03:27:36,+0000,,@MatichonOnline คำถามคือทำไมเราถึงมีกัญชาในสินค้าต่างๆ ขายได้อย่างเสรีคะแบบนี้ไม่ใช่กัญชาการแพทย์แบบที่โฆษณา แต่กัญชาเพื่อการบริโภคแบบเสรี แย่ที่สุด เกิดมาจนแก่เพิ่งเห็นรบ.ที่แย่ขนาดนี้,th,[],[],1.34639E+18,1346389730556923907,CKAE10929113,Thai Dictators to Hell in 2022,7,03,https://twitter.com/CKAE10929113/status/1548509696650543104,[],[],0,,FALSE,0,0,0,,"""กัญชาการแพทย์""",,,,,,,"[{'screen_name': 'MatichonOnline', 'name': 'Matichon Online', 'id': '65314514'}]",,,,
73,1547899615025844225,1547899615025844225,1.65788E+12,2022-07-15 11:03:21,+0000,,คนจรที่ถือระเบิดจับตัวประกันที่ขอแก่นเมื่อวานตรวจร่างกายก็คือเมทแอมเฟตามีนกับกัญชา การแพทย์เหลือเกินอีหนูอีสัส,th,[],[],90382257,90382257,ibtpb3ar,‘ — ห มี ล์ อิ ฐ 🎈🧸 | 156365,5,11,https://twitter.com/ibtpb3ar/status/1547899615025844225,[],[],0,,FALSE,0,0,2,,"""กัญชาการแพทย์""",,,,,,,[],,,,
74,1546645791187808256,1546471395156463617,1.65758E+12,2022-07-12 00:01:06,+0000,,@Unrulycat2511 ขีดละ5พัน โลละ5หมื่น กัญชาการแพทย์ส่งออกปลอดสาร100% ไม่รวยจิงเอาเงินที่ไหนมาสร้างแลป,th,[],[],1.135E+18,1135002486144524289,TrueDemocracy14,FLOWERS,2,00,https://twitter.com/TrueDemocracy14/status/1546645791187808256,[],[],0,,FALSE,7,0,4,,"""กัญชาการแพทย์""",,,,,,,"[{'screen_name': 'Unrulycat2511', 'name': 'แมวเกเร', 'id': '63366677'}]",,,,
75,1546486860561600512,1546486860561600512,1.65755E+12,2022-07-11 13:29:34,+0000,,“อนุทิน” พบเครือข่ายหนุนกัญชาการแพทย์ ขอช่วยให้ข้อมูลที่ถูก ตัวแทนลั่นไม่ให้คืนยาเสพติด  https://t.co/ZKWqn2llbo,th,[],[],1416973254,1416973254,bonkasin,บอนกาฬสินธุ์,1,13,https://twitter.com/bonkasin/status/1546486860561600512,['http://dlvr.it/STj2vT'],[],0,,FALSE,0,0,0,,"""กัญชาการแพทย์""",,,,,,,[],,,,
76,1546140034461491203,1546140034461491203,1.65746E+12,2022-07-10 14:31:24,+0000,,กัญชาการแพทย์เหี้ยไร กูเห็นขายให้เกลื่อน คนไทยป่วยเยอะเนอะ,th,[],[],3835918812,3835918812,sansabgirlll,นานาเนย,7,14,https://twitter.com/sansabgirlll/status/1546140034461491203,[],[],0,,FALSE,0,0,0,,"""กัญชาการแพทย์""",,,,,,,[],,,,
77,1544826701951401985,1544826701951401985,1.65715E+12,2022-07-06 23:32:41,+0000,,#TheDailyDose Live! ยามเช้า - กัญชาการแพทย์จัดการได้ในแบบที่ทำกับยาเสพติ...  https://t.co/LdAyDeSvKN ผ่าน @YouTube,th,['thedailydose'],[],1.46131E+18,1461309320868421633,Chum88X,Chum88X,3,23,https://twitter.com/Chum88X/status/1544826701951401985,['https://youtu.be/9rsUDkuNPJ4'],[],0,,FALSE,1,0,0,,"""กัญชาการแพทย์""",,,,,,,[],,,,
78,1544528584249049088,1544528584249049088,1.65708E+12,2022-07-06 03:48:05,+0000,,The Daily Dose Live! ยามเช้า - กัญชาการแพทย์จัดการได้ในแบบที่ทำกับยาเสพติดให้โทษประเภท 2 - FULL EP.  https://t.co/b7ODWhwlaa,th,[],[],60972200,60972200,KhunPleum,M.L. Nattakorn Devakula,3,03,https://twitter.com/KhunPleum/status/1544528584249049088,['https://www.voicetv.co.th/watch/dvt4bNMK1'],[],0,,FALSE,7,0,0,,"""กัญชาการแพทย์""",,,,,,,[],,,,
79,1543152081443270656,1543152081443270656,1.65675E+12,2022-07-02 08:38:21,+0000,,กัญชาการแพทย์กับเด็กมองยังไงก็ไกลตัว เอาเคสมาโชว์ดีกว่าว่าได้ผลดีแค่ไหน,th,[],[],2828165156,2828165156,angeldelajolie,Angel,6,08,https://twitter.com/angeldelajolie/status/1543152081443270656,[],[],0,,FALSE,0,0,0,https://twitter.com/TonsTweetings/status/1543109053164859393,"""กัญชาการแพทย์""",,,,,,,[],,,,
80,1543037722813599744,1543037722813599744,1.65672E+12,2022-07-02 01:03:56,+0000,,‘ศ.นพ.มานพ’ ข้องใจ ‘กัญชา-การแพทย์’แต่ปล่อยประชาชนเสพเสรี? | เดลินิวส์ | LINE TODAY  https://t.co/h38HpIgovq #LINETODAY #เดลินิวส์,th,"['linetoday', 'เดลินิวส์']",[],135283381,135283381,tpanat_panat,panat tasneeyanond,6,01,https://twitter.com/tpanat_panat/status/1543037722813599744,['https://liff.line.me/1454988218-NjbXbq18/v2/article/0MPrzGl?utm_source=ttshare'],[],0,,FALSE,20,1,20,,"""กัญชาการแพทย์""",,,,,,,[],,,,
81,1542992625069801472,1542992625069801472,1.65671E+12,2022-07-01 22:04:43,+0000,,‘ศ.นพ.มานพ’ ข้องใจ ‘กัญชา-การแพทย์’แต่ปล่อยประชาชนเสพเสรี? | เดลินิวส์ | LINE TODAY   https://t.co/lTDZBjDptM,th,[],[],1.52125E+18,1521245494655152128,KornBkLaw,KORN LEGAL Consult.,5,22,https://twitter.com/KornBkLaw/status/1542992625069801472,['https://liff.line.me/1454988218-NjbXbq18/v2/article/0MPrzGl?utm_source=lineshare'],[],0,,FALSE,0,0,0,,"""กัญชาการแพทย์""",,,,,,,[],,,,
82,1542867821129912320,1542867821129912320,1.65668E+12,2022-07-01 13:48:48,+0000,,กัญชาการแพทย์อะไรฟะ เห็นแจกฟรี ให้ปลูกได้ทุกบ้าน โฆษณาอีก มันจะเรียกการแพทย์ยังไง แถมเด็กมีโอกาสเข้าถึงง่ายขึ้น เป็นผลเสียกับสุขภาพ //ต่างประเทศมีกัญชาโทษประหารมั่ง ติดคุกตลอดชีวิตมั่ง เขาแจ้งมารัวๆว่าห้ามเอาเข้าประเทศเขา // อนุทิน และ พรรคภูมิใจไทย ทำให้คนไทยมีความเสี่ยง!!!,th,[],[],159586594,159586594,pis_tan,pis tan,5,13,https://twitter.com/pis_tan/status/1542867821129912320,[],[],0,,FALSE,3,2,0,,"""กัญชาการแพทย์""",,,,,,,[],,,,
83,1542491948828659712,1542491948828659712,1.65659E+12,2022-06-30 12:55:13,+0000,,ไอ่เหี้ยกัญชาการแพทย์ตรงไหนวะคนอื่นแม่งเสพเอาๆ กลับบ้านดึกๆก็ต้องมาระแวงพวกเหี้ยนี่อีกเสพแล้วบ้าไม่รู้จักพอดีอีห่ากูสูน หัวควยอนุทิน,th,[],[],1.26258E+18,1262578976993808390,little_fairysn,⦂ 🌨️บบแม่สุโน่𓏔slow,4,12,https://twitter.com/little_fairysn/status/1542491948828659712,[],[],0,,FALSE,0,0,0,,"""กัญชาการแพทย์""",,,,,,,[],,,,
84,1542416390728327168,1542416390728327168,1.65658E+12,2022-06-30 07:54:58,+0000,,กัญชาการแพทย์เหี้ยไร อุบาดสัส,th,[],[],9.60533E+17,960533044875505664,HYUN_P1004,𝐻𝒴𝒰𝒩_𝒫🍒 𝒻𝓉 :𝒞𝐵𝐻🦒🐶🐥 ://𝓈𝓁𝑜𝓌,4,07,https://twitter.com/HYUN_P1004/status/1542416390728327168,[],[],0,,FALSE,0,0,0,,"""กัญชาการแพทย์""",,,,,,,[],,,,
85,1542080895749746689,1542080895749746689,1.6565E+12,2022-06-29 09:41:50,+0000,,เคยคุยกะพี่สลิ่มคนนึงเรื่องกัญชาการแพทย์ ว่าคุณภาพคนไทยไม่พร้อม ให้มันหยุดแค่นี้ อย่าเสรีเชียว พี่สลิ่มยังพยักหน้าเห็นด้วยเลย แล้วดูตอนนี้... อิรัดบานมันมั่นมาจากไหนว่าถ้าเปิดเสรีจะได้คะแนนเสียงล้นหลาม นี่เชื่อว่าส่วนน้อยเท่านั้นละที่เห็นด้วย,th,[],[],3273767586,3273767586,KumaMonkSaThuuu,♻️ AKA ♻️,3,09,https://twitter.com/KumaMonkSaThuuu/status/1542080895749746689,[],[],0,,FALSE,0,0,0,https://twitter.com/madmax68176958/status/1541809770285256704,"""กัญชาการแพทย์""",,,,,,,[],,,,
86,1541674437048934400,1541673505653407744,1.6564E+12,2022-06-28 06:46:43,+0000,,@natlamborghini1 กัญชาการแพทย์ไม่ช่วยไรเลย กิกิกิ  https://t.co/EUPq1HRacB,th,[],[],1.18342E+18,1183424034618298369,dioxide_ai,Dioxide: นักบุญทุนเจ้าสัว 🧙,2,06,https://twitter.com/dioxide_ai/status/1541674437048934400,[],['https://pbs.twimg.com/tweet_video_thumb/FWUguVpakAIaGLP.jpg'],1,https://pbs.twimg.com/tweet_video_thumb/FWUguVpakAIaGLP.jpg,FALSE,1,0,0,,"""กัญชาการแพทย์""",,,,,,,"[{'screen_name': 'natlamborghini1', 'name': 'Austin Rose lll', 'id': '3244788507'}]",,,,
87,1541672504988925953,1541672504988925953,1.6564E+12,2022-06-28 06:39:02,+0000,,"เภสัชกรรมสมาคมฯ แถลงการณ์หนุน ""กัญชาการแพทย์"" เท่านั้น จี้ทบทวน ""กัญชาเสรี"" #กัญชา #กัญชง #กัญชาเสรี #ข่าววันนี้ #NationOnline   https://t.co/KncC2kD7Zh",th,"['กัญชา', 'กัญชง', 'กัญชาเสรี', 'ข่าววันนี้', 'nationonline']",[],50916567,50916567,NationTV22,NationTV22,2,06,https://twitter.com/NationTV22/status/1541672504988925953,['https://www.nationtv.tv/news/378878021'],[],0,,FALSE,9,1,8,,"""กัญชาการแพทย์""",,,,,,,[],,,,
88,1541628049573425152,1541628049573425152,1.65639E+12,2022-06-28 03:42:23,+0000,,บิ๊กตู่ ชมนิทรรศการ ‘กัญชาการแพทย์’ รพ.อภัยภูเบศร ต้นแบบการพัฒนาครบวงจร  https://t.co/2QTi7JJoTW,th,[],[],65314514,65314514,MatichonOnline,Matichon Online,2,03,https://twitter.com/MatichonOnline/status/1541628049573425152,['https://www.matichon.co.th/politics/news_3423319'],[],0,,FALSE,3,6,0,,"""กัญชาการแพทย์""",,,,,,,[],,,,
89,1541076431291052033,1541076431291052033,1.65626E+12,2022-06-26 15:10:27,+0000,,รอบไทย มีกัญชาโทษสูงสุดประหารชีวิต ตัดมาที่ไทย บอกกัญชาการแพทย์  แต่ปลูกได้ทุกบ้าน นำแจกฟรีด้วย แถม รมต.สาธารณสุขโชว์ โฆษณาเอง,th,[],[],159586594,159586594,pis_tan,pis tan,7,15,https://twitter.com/pis_tan/status/1541076431291052033,[],[],0,,FALSE,1,0,0,,"""กัญชาการแพทย์""",,,,,,,[],,,,
90,1539152617997148160,1539152617997148160,1.6558E+12,2022-06-21 07:45:54,+0000,,The Daily Dose Live! ยามเช้า - กัญชาการแพทย์จริงๆ ปลูกบ้านละ 10 ต้น! - Short Clip  https://t.co/VBN9HSbmsc,th,[],[],60972200,60972200,KhunPleum,M.L. Nattakorn Devakula,2,07,https://twitter.com/KhunPleum/status/1539152617997148160,['https://www.voicetv.co.th/watch/hYyU5YMFF'],[],0,,FALSE,2,2,2,,"""กัญชาการแพทย์""",,,,,,,[],,,,
91,1539100509302562817,1539100509302562817,1.65579E+12,2022-06-21 04:18:51,+0000,,The Daily Dose Live! ยามเช้า - กัญชาการแพทย์ประเภทไหน กมธ.เสนอปลูกบ้านละสิบต้น! - FULL EP.  https://t.co/Is8f1WkdxQ,th,[],[],60972200,60972200,KhunPleum,M.L. Nattakorn Devakula,2,04,https://twitter.com/KhunPleum/status/1539100509302562817,['https://www.voicetv.co.th/watch/UnclhqetH'],[],0,,FALSE,3,0,1,,"""กัญชาการแพทย์""",,,,,,,[],,,,
92,1539076990997008384,1539076990997008384,1.65578E+12,2022-06-21 02:45:23,+0000,,#TheDailyDose Live! ยามเช้า - กัญชาการแพทย์ประเภทไหน กมธ.เสนอปลูกบ้านละสิบต้น!  https://t.co/zGhwi2tDzI  https://t.co/lapRegl5DF,th,['thedailydose'],[],53864669,53864669,VoiceTVOfficial,Voice TV,2,02,https://twitter.com/VoiceTVOfficial/status/1539076990997008384,['https://youtu.be/A4zK6Jc2zIk'],['https://pbs.twimg.com/media/FVvmDwEakAAaEkZ.jpg'],1,https://pbs.twimg.com/media/FVvmDwEakAAaEkZ.jpg,FALSE,18,0,7,,"""กัญชาการแพทย์""",,,,,,,[],,,,
93,1538329935240056833,1538329935240056833,1.6556E+12,2022-06-19 01:16:52,+0000,,กัญชาการแพทย์ เอาอะไรมาการแพทย์ พันลำซื้อขายกันแล้วค่าาาาาาาาาาาาาา,th,[],[],938665669,938665669,ssnnssniris,••• •• •-• •• -•,7,01,https://twitter.com/ssnnssniris/status/1538329935240056833,[],[],0,,FALSE,0,0,0,,"""กัญชาการแพทย์""",,,,,,,[],,,,
94,1537401706509926400,1537401706509926400,1.65538E+12,2022-06-16 11:48:25,+0000,,ถ้าชู ‘กัญชาการแพทย์’ ในการเปิดเสรีก็ควรมี consensus ชัดเจนว่า สธ.ไทยจะใช้กัญชาสำหรับรักษาโรคอะไรบ้าง​+กระทรวงสธ.แถลงเลย​ ถึง​โรค/อาการที่อนุมัติ​ใช้  แต่ก่อนใช้ในรพ. หมอคลินิกกัญชาต้องรู้ แต่นี่แจกปลูกตามบ้าน ปชช.ก็ต้องรู้ในระดับเดียวกัน  อ่านกัญต่อที่​  https://t.co/Wrvp2nu5tE,th,[],[],64110254,64110254,ibehindu,ผมอยู่ข้างหลังคุณ,4,11,https://twitter.com/ibehindu/status/1537401706509926400,['https://www.facebook.com/285055493317/posts/10159080373593318/'],[],0,,FALSE,6,0,19,,"""กัญชาการแพทย์""",,,,,,,[],,,,
95,1537316347775897600,1537316347775897600,1.65536E+12,2022-06-16 06:09:13,+0000,,จริงๆอยากให้กระทรวงสาธารณสุขแถลง'กรณีกัญชาการแพทย์'ที่แจกแต่ละครัวเรือน เพื่อประโยชน์แก่ประชาชนไม่ได้เอาไปใช้ผิดๆ  รู้ว่ามีหลายราชวิทยาลัยเคยบอกแล้ว แต่อยากให้สธ.ประกาศสาธารณะ บอกมาเลยมีกี่โรค ใช้ยังไง บอกให้ชัดๆ เอาตามหลักฐานวิจัยทางการแพทย์ว่ามีกี่โรคกี่อาการ ที่ควรใช้กัญชา,th,[],[],64110254,64110254,ibehindu,ผมอยู่ข้างหลังคุณ,4,06,https://twitter.com/ibehindu/status/1537316347775897600,[],[],0,,FALSE,10,0,42,https://twitter.com/ibehindu/status/1537312293276356609,"""กัญชาการแพทย์""",,,,,,,[],,,,
96,1536600154697936896,1536600154697936896,1.65519E+12,2022-06-14 06:43:20,+0000,,กพย. ชี้ “กัญชา” ให้ทั้งคุณและโทษ ร่วม สสส.พัฒนาองค์ความรู้สรรพคุณและเฝ้าระวัง ลดปัจจัยเสี่ยงสุขภาพ   https://t.co/VbLenknvWJ #Hfocus  #โควิด19  #กัญชา  #กัญชาการแพทย์  #สสส.  https://t.co/McFjIAvHoT,th,"['hfocus', 'โควิด19', 'กัญชา', 'กัญชาการแพทย์', 'สสส']",[],538230578,538230578,hfocusnews,Hfocus_News,2,06,https://twitter.com/hfocusnews/status/1536600154697936896,['https://www.hfocus.org/content/2022/06/25296'],['https://pbs.twimg.com/media/FVMZq4xVsAAdvO-.jpg'],1,https://pbs.twimg.com/media/FVMZq4xVsAAdvO-.jpg,FALSE,0,0,1,,"""กัญชาการแพทย์""",,,,,,,[],,,,
97,1535257462269702144,1535257462269702144,1.65487E+12,2022-06-10 13:47:57,+0000,,"'อนุทิน' ลุยแจกกัญชา 1,000 ต้น ยันใช้รักษาโรคมีความปลอดภัยสูง วอนสอดส่องไม่ให้ใช้ในทางที่ผิด #กัญชา #กัญชาเสรี #กัญชาการแพทย์   https://t.co/99ShQ0J758  https://t.co/a19U6YYb3R",th,"['กัญชา', 'กัญชาเสรี', 'กัญชาการแพทย์']",[],9.60363E+17,960362955924623360,thecoverageinfo,The Coverage,5,13,https://twitter.com/thecoverageinfo/status/1535257462269702144,['https://www.thecoverage.info/news/content/3604'],['https://pbs.twimg.com/media/FU5UhYSaUAAPrR5.jpg'],1,https://pbs.twimg.com/media/FU5UhYSaUAAPrR5.jpg,FALSE,0,0,0,,"""กัญชาการแพทย์""",,,,,,,[],,,,
98,1535191825861906432,1535191825861906432,1.65485E+12,2022-06-10 09:27:08,+0000,,ราชวิทยาลัยกุมารแพทย์แสดงจุดยืน “ห้ามเด็กและวัยรุ่นต่ำกว่า 20 ปี” ใช้กัญชา มีผลต่อสมอง   https://t.co/43vYuPFvdC  #Hfocus #กัญชาการแพทย์ #ปลดล็อกกัญชา #ห้ามใช้กัญชาในเด็กและวัยรุ่น  https://t.co/408pFNjLQ4,th,"['hfocus', 'กัญชาการแพทย์', 'ปลดล็อกกัญชา', 'ห้ามใช้กัญชาในเด็กและวัยรุ่น']",[],538230578,538230578,hfocusnews,Hfocus_News,5,09,https://twitter.com/hfocusnews/status/1535191825861906432,['https://www.hfocus.org/content/2022/06/25280'],['https://pbs.twimg.com/media/FU4Y0u7VIAACEf9.jpg'],1,https://pbs.twimg.com/media/FU4Y0u7VIAACEf9.jpg,FALSE,165,0,835,,"""กัญชาการแพทย์""",,,,,,,[],,,,
99,1531588405225832450,1531588405225832450,1.65399E+12,2022-05-31 10:48:25,+0000,,"สธ.เร่งสร้างความเข้าใจ ปชช.  ""กัญชาการแพทย์และครัวเรือน""  ไม่ใช้สูบ สันทนาการ  https://t.co/kvqzx5WdIE #HealthNews",th,['healthnews'],[],863254242,863254242,HealthUpdateTh,Health News Update,2,10,https://twitter.com/HealthUpdateTh/status/1531588405225832450,['https://ift.tt/ZU3JSqv'],[],0,,FALSE,0,0,2,,"""กัญชาการแพทย์""",,,,,,,[],,,,
